Primitive Types:
<property name="">
	<value>value</value>
</property>

<property name="" value="" />


<bean p:property:Value />

++++++++++++++++++++++++++++++++++++++++++++++++++

Collection Types:

List
<bean>
	<property name="">

	 <list>
	 	<value>10</value>
	 	<value>1023</value>
	 	<value>12350</value>
	 	<value>1052</value>
	 	<null/>
	 </list>

	</property>
<bean>
__________________________________________________________

Set
<bean>
	<property name="">

	 <set>
	 	<value>10</value>
	 	<value>1023</value>
	 	<value>12350</value>
	 	<value>1052</value>	 
	 </set>

	</property>
</bean>

_________________________________________________________

Map
<bean>
	<property name="">

	 <map>
	 	<entry key="java" value="2month" />
	 	<entry key="python" value="1month" />
	 	
	 </map>

	</property>	

</bean>

_________________________________________________________
Properties

<bean>
	<property name="">

		<props>
			<prop key="name">durgesh</prop>
			<prop key="channelName">Learncodewith Durgesh</prop>

		</props>

	</property>

</bean>

_______________________________________________
Reference Type:

A  

Reference Inject :

B

<bean>
		<property name="">
				<ref bean="b" >
		</property>

</bean>